year,cases
1960,150.9616846
1961,232.9056161
1962,137.2294396
1963,126.9702022
1964,92.6305212

