year,cases
1965,74.39679122
1966,98.18089828
1967,69.77361248
1968,56.3840765
1969,65.78638266
1970,39.96379062
1971,35.52707844
1972,56.97728848
