year,cases
1960,49.9801616
1961,40.73265399
1962,16.79760679
1963,10.72373144
1964,7.746990534
