year,cases
1960,
1961,134.5348295
1962,63.34658604
1963,88.43621491
1964,47.29297138
